User_id,Username,Platform,Country
0,User123,Twitter,USA
1,CommuterX,Twitter,Canada
2,FitnessFan,Instagram,USA
3,AdventureX,Facebook,UK
4,ChefCook,Instagram,Australia
5,GratitudeNow,Twitter,India
6,RainyDays,Facebook,Canada
7,MovieBuff,Instagram,USA
8,DebateTalk,Twitter,USA
9,BeachLover,Facebook,Australia
10,BloggerX,Instagram,USA
11,WellnessCheck,Twitter,Canada
12,UrbanExplorer,Facebook,UK
13,FitJourney,Instagram,USA
14,TechEnthusiast,Twitter,India
15,Reflections,Facebook,USA
16,PetAdopter,Instagram,Canada
17,GamerX,Twitter,UK
18,TechConference,Facebook,USA
19,WinterBlues,Instagram,USA
20,Bookworm,Twitter,India
21,VRExplorer,Facebook,USA
22,ProductivityPro,Instagram,USA
23,FitnessWarrior,Twitter,UK
24,CareerMilestone,Facebook,Canada
25,BrunchBuddy,Instagram,UK
26,LanguageLearner,Facebook,India
27,BookLover,Instagram,Australia
28,MentalHealthMatters,Twitter,USA
29,ArtistInAction,Facebook,Canada
30,RoadTripper,Instagram,UK
31,SunsetWatcher,Twitter,India
32,CodeEnthusiast,Facebook,USA
33,WorkshopAttendee,Instagram,USA
34,WinterSports,Twitter,Canada
35,FamilyTime,Facebook,UK
36,MusicLover,Instagram,USA
37,MindfulMoments,Twitter,India
38,DessertExplorer,Facebook,Canada
39,GamingEnthusiast,Instagram,USA
40,GardenPlanner,Twitter,USA
41,BirthdayBash,Facebook,UK
42,ProductivityWin,Instagram,India
43,MovieNight,Twitter,Canada
44,ArtExplorer,Facebook,USA
45,BookwormX,Instagram,UK
46,VRMeetup,Twitter,India
47,NatureLover,Facebook,Australia
48,ChefAtHome,Instagram,USA
49,OptimisticMindset,Twitter,Canada
50,FitnessChallenge,Facebook,UK
51,BikeExplorer,Instagram,USA
52,SocialJustice,Twitter,Canada
53,ThrillerFan,Instagram,USA
54,EmpathyFirst,Facebook,India
55,EcoAwareness,Twitter,UK
56,ProudFriend,Instagram,USA
57,ComedyFan,Facebook,Canada
58,LoveSpreader,Twitter,Australia
59,AmusedSoul,Instagram,UK
60,BookLoverAgain,Facebook,Canada
61,NatureAdmirer,Twitter,USA
62,AffectionSender,Instagram,USA
63,AweStruck,Facebook,Australia
64,FoodieGoneWrong,Twitter,India
65,HappySurprise,Instagram,USA
66,AcceptanceSeeker,Facebook,Canada
67,PetAdorer,Twitter,UK
68,AdventureAwaits,Instagram,USA
69,LearnFromBitter,Facebook,USA
70,ZenMaster,Twitter,India
71,ConfusedMind,Instagram,UK
72,VacationDreamer,Facebook,Canada
73,KindnessPrevails,Twitter,USA
74,PersonalAchiever,Instagram,Australia
75,ReflectiveSelf,Facebook,India
76,AngryDebater,Twitter,Canada
77,FearfulDreamer,Instagram,USA
78,FarewellHeart,Facebook,India
79,AntiCorruption,Twitter,UK
80,NewParentJoy,Instagram,UK
81,StandUpFan,Facebook,Canada
82,LoveSender,Twitter,Australia
83,PetAmuser,Instagram,UK
84,TravelExplorer,Facebook,USA
85,CharityAdmirer,Twitter,USA
86,FamilyLover,Instagram,USA
87,Stargazer,Facebook,Australia
88,ProjectStruggle,Twitter,India
89,JoyfulReunion,Instagram,USA
90,LifeAcceptance,Facebook,Canada
91,PuppyAdmirer,Twitter,UK
92,MovieBuff2,Instagram,Australia
93,CustomerWoes,Facebook,USA
94,CalmSoul,Twitter,India
95,ConfusedMind2,Instagram,UK
96,BirthdayExcite,Facebook,Canada
97,KindnessObserver,Twitter,USA
98,FitAchiever,Instagram,UK
99,ReflectiveSelf2,Facebook,India
100,DiversityLover,Twitter,Australia
101,BookwormJoy,Instagram,USA
102,WorkplaceWoes,Twitter,Canada
103,MindfulMe,Facebook,UK
104,ConfusedMind3,Instagram,USA
105,RoadTripper2,Twitter,India
106,KindnessPrevails2,Facebook,USA
107,GoalAchiever,Instagram,Canada
108,ReflectiveSelf3,Twitter,UK
109,NostalgiaFan,Twitter,Canada
110,SportsFanatic,Instagram,USA
111,NatureLover2,Facebook,India
112,ZenMaster2,Twitter,UK
113,ThankfulHeart,Instagram,Australia
114,OptimisticSoul,Facebook,USA
115,CommunityLeader,Twitter,UK
116,CharitySupporter,Instagram,Canada
117,LovingHeart,Facebook,UK
118,ExcitementFan,Twitter,Australia
119,ProjectEnthusiast,Instagram,USA
120,MilestoneAchiever,Facebook,India
121,HistoryLover,Twitter,UK
122,JoyfulReunion2,Instagram,Canada
123,MusicEnthusiast,Facebook,USA
124,SimpleJoys,Twitter,Australia
125,BookLover3,Instagram,UK
126,SupportiveFriend,Facebook,India
127,JourneyOptimist,Twitter,Canada
128,GrowthSeeker,Instagram,USA
129,HolidayHelper,Facebook,USA
130,WinterWarmth,Twitter,UK
131,AdventureAwaits,Instagram,Australia
132,CreativeSpirit,Facebook,Canada
133,FitnessAchiever,Twitter,India
134,ArtAppreciator,Instagram,UK
135,GoalAchiever2,Facebook,USA
136,UrbanExplorer2,Twitter,USA
137,BirthdayJoy,Instagram,UK
138,HomeChef,Facebook,India
139,MusicLover4,Twitter,Canada
140,CommunityLove,Instagram,USA
141,EntrepreneurHope,Facebook,Canada
142,MentorEmpower,Twitter,UK
143,KindnessInAction,Instagram,Australia
144,LoveExpress,Facebook,UK
145,TravelExcitement,Twitter,India
146,ArtisticSpirit,Instagram,USA
147,HelperHeart,Facebook,Canada
148,HistoryBuff,Twitter,Australia
149,FitnessAchiever2,Instagram,UK
150,ProductLaunchJoy,Facebook,USA
151,LovingEmbrace,Twitter,India
152,SunsetWatcher2,Instagram,Canada
153,JoyfulHeart2,Facebook,Australia
154,GrowthOptimist,Twitter,UK
155,SkillEmpower,Instagram,India
156,CharityVolunteer,Facebook,USA
157,PetLove,Twitter,Canada
158,FestivalFan,Instagram,UK
159,DIYEnthusiast,Facebook,Australia
160,PuzzleMaster,Twitter,India
61,NatureAdmirer,Instagram,USA
162,ChildhoodJoy,Facebook,Canada
163,StrugglingSoul,Twitter,USA
164,MourningHeart,Instagram,Canada
165,SolitarySoul,Facebook,UK
166,EnviousObserver,Twitter,India
167,BitterHeart,Instagram,Australia
168,BlockedGoals,Facebook,USA
169,BoredMind,Twitter,Canada
170,WorriedMind,Instagram,UK
171,FearfulSoul,Facebook,India
172,OverwhelmedHeart,Twitter,Australia
173,CovetousMind,Instagram,Canada
174,RemorsefulSoul,Facebook,UK
175,DisgustedHeart,Twitter,India
176,HopelessHeart,Instagram,USA
177,TearfulSoul,Facebook,Canada
178,IsolatedMind,Twitter,UK
179,SelfDoubt,Instagram,India
180,BrokenTrust,Facebook,Australia
181,ExplosiveMind,Twitter,USA
182,MundaneHeart,Instagram,Canada
183,RestlessMind,Facebook,UK
184,FearfulJourney,Twitter,India
185,OverwhelmedSoul,Instagram,Australia
186,GreenEyedMonster,Facebook,Canada
187,RegretfulMind,Twitter,USA
188,CorruptedHeart,Instagram,UK
189,DrowningSoul,Facebook,India
190,StormyHeart,Twitter,Canada
191,EchoingSoul,Instagram,Australia
192,PoisonedMind,Facebook,USA
193,UnforgivingSoul,Twitter,India
194,ThunderingMind,Instagram,UK
195,StagnantHeart,Facebook,Canada
196,InquisitiveMind,Twitter,USA
197,ApatheticObserver,Instagram,Canada
198,SeekingClarity,Facebook,UK
199,EmotionallyDistant,Twitter,India
200,SunsetDreamer,Instagram,Australia
201,MemoryLaneTraveler,Facebook,USA
202,MixedFeelings,Twitter,Canada
203,ZenLifestyle,Instagram,UK
204,ResilientSpirit,Facebook,India
205,NatureSoul,Twitter,Australia
206,EternalLearner,Instagram,USA
207,AloofObserver,Facebook,Canada
208,ThoughtExplorer,Twitter,UK
209,StoicSoul,Instagram,Australia
210,DreamerInSilence,Facebook,India
211,JournalKeeper,Twitter,Canada
212,ThreadWeaver,Instagram,UK
213,SelfLoveAdvocate,Facebook,Australia
214,DreamChaser,Twitter,USA
215,OceanSoul,Instagram,Canada
216,HorizonExplorer,Facebook,India
217,NonchalantSpirit,Twitter,UK
218,ComplexThinker,Instagram,Australia
219,ShieldedHeart,Facebook,USA
220,SymphonySoul,Twitter,Canada
221,YearbookExplorer,Instagram,India
222,DecisiveDilemma,Facebook,Australia
223,ImperfectHarmony,Twitter,Canada
224,VisionarySpirit,Instagram,UK
225,ForestDreamer,Facebook,USA
226,SilentSpectator,Instagram,India
227,MazeNavigator,Facebook,Australia
228,ResilientFortress,Twitter,UK
229,CanvasDreamer,Instagram,USA
230,DiaryExplorer,Facebook,Canada
231,CrossroadsTraveler,Twitter,India
232,MosaicDreamer,Instagram,Australia
233,PathfinderSpirit,Facebook,USA
234,RaindropHarmony,Twitter,Canada
235,SeekerOfUnknowns,Instagram,UK
236,NonchalantWanderer,Facebook,India
237,ShadowedSeeker,Twitter,Australia
238,TurbulentShield,Instagram,Canada
239,WistfulPainter,Facebook,UK
240,TaleWeaver,Twitter,USA
241,CrossroadsExplorer,Instagram,Canada
242,MosaicArtist,Facebook,Australia
243,DreamSculptor,Twitter,UK
244,MoonlitSoul,Instagram,USA
245,FearlessExplorer,Facebook,India
246,TurbulentShield,Instagram,Canada
247,JoyfulDancer,Twitter,USA
248,SereneBasker,Facebook,Australia
249,DreamPainter,Instagram,India
250,OakAchiever,Twitter,Canada
251,HeartGardener,Facebook,USA
252,ThreadWeaver,Instagram,UK
253,CloudCaretaker,Twitter,Australia
254,RainDancer,Facebook,Canada
255,SkyPainter,Instagram,India
256,PhoenixExplorer,Twitter,UK
257,SunriseNavigator,Facebook,USA
258,SandStrider,Instagram,Australia
259,NightSerenader,Twitter,Canada
260,KnowledgeSeeker,Instagram,USA
261,BreezeWaltzer,Facebook,UK
262,StarNavigator,Twitter,Australia
263,MeadowSprinter,Instagram,India
264,RainNurturer,Facebook,Canada
265,PeakConqueror,Twitter,USA
266,DawnGardener,Instagram,UK
267,CarnivalDreamer,Facebook,Australia
268,SkyArtist,Twitter,India
269,RiverNavigator,Instagram,Canada
270,LanternWanderer,Facebook,USA
271,DreamSoarer,Twitter,UK
272,SunsetAdmirer,Instagram,Australia
273,DanceStrider,Facebook,Canada
274,WindWhisperer,Twitter,India
275,JugglingArtist,Instagram,USA
276,StarStoryteller,Facebook,UK
277,WaveNavigator,Twitter,Australia
264,RainNurturer,Instagram,Canada
266,DawnGardener,Instagram,India
280,ShatteredHeart,Instagram,Canada
281,VenomousSoul,Facebook,UK
282,DesertWanderer,Twitter,USA
283,ColdEmbrace,Instagram,Australia
284,NightPrisoner,Facebook,India
285,TightropeWalker,Twitter,UK
286,AtlasBearer,Instagram,Canada
287,GreenMonster,Facebook,USA
288,StormSurvivor,Twitter,Australia
289,PuzzleComposer,Instagram,India
290,GildedHeartache,Facebook,USA
291,IndifferentFort,Twitter,UK
292,DreamMosaic,Instagram,Canada
293,NocturnalEcho,Facebook,Australia
294,DarkWhispers,Twitter,UK
295,LingeringTaste,Instagram,India
296,TempestSurvivor,Facebook,USA
297,VenomousHeart,Twitter,Australia
298,FragileTrust,Instagram,Canada
299,BrokenThreads,Facebook,UK
300,SuccessPill,Twitter,USA
301,CurtainShield,Instagram,Australia
302,FoggyLabyrinth,Facebook,Canada
303,IcyResentment,Twitter,UK
304,SolitaryMoon,Instagram,USA
305,VanishedSunset,Facebook,Australia
284,NightPrisoner,Twitter,India
274,WindWhisperer,Instagram,Canada
308,MazeExplorer,Facebook,USA
309,WoundedGarden,Twitter,UK
310,RuinedHeart,Instagram,Australia
311,KnotUntangler,Facebook,India
312,ElusiveKeys,Twitter,USA
291,IndifferentFort,Instagram,Australia
292,DreamMosaic,Twitter,Canada
315,NatureAdmirer,Instagram,USA
316,GoalPursuer,Twitter,Canada
317,MemoryLane,Facebook,UK
318,CultureEnthusiast,Instagram,India
319,RainWatcher,Twitter,Australia
320,PersonalJourney,Facebook,USA
72,VacationDreamer,Instagram,France
322,LifeLearner,Twitter,Brazil
323,FarewellSender,Instagram,Japan
324,HistoryExplorer,Facebook,Greece
325,CraftEnthusiast,Instagram,USA
326,WinterLover,Twitter,Canada
327,SunsetWatcher,Instagram,UK
328,FitnessJunkie,Facebook,Australia
329,CoffeeLover,Twitter,India
330,HikingExplorer,Instagram,USA
331,KittyObserver,Facebook,Canada
87,Stargazer,Twitter,UK
333,FriendshipRenewal,Instagram,India
334,CelebrationPlanner,Facebook,Australia
159,DIYEnthusiast,Twitter,USA
336,CommunityHelper,Instagram,UK
337,GardenEnthusiast,Facebook,Canada
338,Wanderlust,Twitter,India
128,GrowthSeeker,Instagram,USA
340,ChildhoodMemories,Facebook,Australia
341,CultureExplorer,Twitter,UK
342,PublicSpeaker,Instagram,USA
343,FamilyCelebration,Facebook,Canada
344,LifelongLearner,Twitter,India
345,CityExplorer,Instagram,UK
133,FitnessAchiever,Facebook,Australia
347,RainbowChaser,Twitter,USA
348,FutureOptimist,Instagram,Canada
349,CareerAchiever,Facebook,UK
350,SunnyDayEnthusiast,Twitter,India
351,Bookworm,Instagram,USA
352,ArchaeologyEnthusiast,Facebook,Australia
353,NightSkyObserver,Instagram,Brazil
354,ArtConnoisseur,Twitter,France
355,PlayfulParent,Facebook,Japan
356,ZenSeeker,Instagram,Canada
357,SkyDreamer,Twitter,Australia
358,DanceEnthusiast,Facebook,UK
359,FairyTaleExplorer,Instagram,USA
360,RuinsExplorer,Twitter,Greece
361,RollercoasterFan,Facebook,Germany
362,MusicHarmonist,Instagram,Sweden
363,StudioArtist,Twitter,Italy
364,SpringEnthusiast,Facebook,Netherlands
365,CosmosExplorer,Instagram,South Africa
366,SeaBreezeLover,Twitter,Spain
367,ForestDreamer,Facebook,Portugal
130,WinterWarmth,Instagram,Switzerland
369,FamilyGatherer,Facebook,Austria
370,CulinaryExplorer,Twitter,Belgium
371,PuzzleSolver,Instagram,Denmark
372,CathedralVisitor,Facebook,Czech Republic
353,NightSkyObserver,Instagram,Brazil
374,MusicLover,Twitter,France
375,CarnivalGoer,Facebook,Japan
376,MindfulExplorer,Instagram,Canada
377,CoastalExplorer,Twitter,Australia
378,MasqueradeAttendee,Facebook,UK
379,FairyTaleAdventurer,Instagram,USA
360,RuinsExplorer,Twitter,Greece
381,ThrillSeeker,Facebook,Germany
362,MusicHarmonist,Instagram,Sweden
363,StudioArtist,Twitter,Italy
364,SpringEnthusiast,Facebook,Netherlands
365,CosmosExplorer,Instagram,South Africa
367,ForestDreamer,Facebook,Portugal
370,CulinaryExplorer,Twitter,Belgium
371,PuzzleSolver,Instagram,Denmark
372,CathedralVisitor,Facebook,Czech Republic
352,ArchaeologyEnthusiast,Instagram,Australia
391,SnowfallEnthusiast,Twitter,Canada
392,BreadLover,Instagram,France
393,NatureResilient,Facebook,USA
394,Bookworm,Twitter,UK
395,FamilyHistorian,Instagram,India
396,NightSkyWatcher,Facebook,Australia
397,TeaEnthusiast,Twitter,Japan
398,MarketExplorer,Instagram,Brazil
399,LakesideRetreater,Facebook,Germany
400,LostInLove,Instagram,USA
401,SolitudeSeeker,Twitter,Canada
402,FriendshipsEnd,Facebook,UK
403,LostInDarkness,Instagram,Australia
404,BrokenTrust,Twitter,Germany
405,SilentSufferer,Facebook,Brazil
406,StormyFeelings,Instagram,India
407,LingeringGhost,Twitter,France
408,EchoesOfLoss,Facebook,Italy
409,WinterOfEmotions,Instagram,Japan
410,ShatteredHopes,Twitter,Spain
411,AbyssOfTime,Facebook,Netherlands
412,SolitaryDescent,Instagram,South Africa
413,SerenadeOfSolitude,Twitter,UK
414,PoisonedHeart,Facebook,Australia
415,WearySoulCrushed,Instagram,Canada
416,StringsOfSorrow,Twitter,Germany
417,SoulInShadow,Facebook,USA
418,WhisperedDespair,Instagram,France
419,DreamsInWind,Twitter,Brazil
420,DreamEchoes,Twitter,Australia
421,RemorseWalker,Instagram,Canada
422,JoyLabyrinth,Facebook,USA
423,SolitudeSeas,Twitter,UK
424,PalateStainer,Instagram,Germany
425,HopeRuins,Facebook,Brazil
426,OceanSinker,Twitter,France
427,InkJournalist,Instagram,India
428,TrustWasteland,Facebook,Italy
429,DreamTightrope,Twitter,Japan
430,EchoedLaughter,Instagram,South Africa
431,PossibilityGhost,Twitter,Spain
432,EndlessLabyrinth,Facebook,Australia
433,RiverOfSorrow,Instagram,Canada
434,DreamGardener,Twitter,UK
435,CurrencyOfTears,Facebook,USA
436,MazeWanderer,Instagram,Germany
437,StormSeeker,Twitter,Brazil
438,TapestrySorrow,Facebook,India
439,WitheredRose,Instagram,France
440,LoveSongEcho,Instagram,Japan
441,MoonlitMemories,Twitter,Italy
442,SymphonyOfTears,Facebook,Germany
443,VenomousGarden,Instagram,Canada
444,QuicksandFighter,Twitter,USA
445,DreamCemetery,Facebook,France
446,RegretRiver,Instagram,UK
447,HeartAttic,Twitter,Australia
448,PromiseGallery,Facebook,Brazil
449,EchoedConversation,Instagram,Spain
450,SunshineDancer,Instagram,USA
430,EchoedLaughter,Twitter,Canada
452,GardenOfJoy,Facebook,UK
453,DreamChaser,Instagram,Australia
454,StarSerenader,Twitter,India
455,GlowAchiever,Facebook,Germany
456,DanceHarmony,Instagram,France
457,LaughterCup,Twitter,Japan
458,QuiltedCompassion,Facebook,Brazil
459,FriendshipGarden,Instagram,South Africa
460,MelodyOfLove,Twitter,USA
461,ColorfulLaughter,Instagram,Canada
462,SymphonyFervor,Facebook,UK
463,WrappedDelight,Twitter,Australia
464,MazeDiscovery,Instagram,India
465,CloudsOfBlessings,Facebook,Germany
466,CometCreativity,Twitter,France
467,FireworksTriumph,Instagram,Japan
468,LaughterSymphony,Facebook,Brazil
469,EmotionCarnival,Instagram,South Africa
470,ParisDreamer,Twitter,France
471,DisneylandExplorer,Instagram,USA
472,FerrariSpeedster,Facebook,Italy
473,KeukenhofAdventurer,Instagram,Netherlands
474,KyotoAdventurer,Twitter,Japan
475,CanyonMarveler,Instagram,USA
476,SantoriniTraveler,Facebook,Greece
477,PetraExplorer,Twitter,Jordan
478,VeniceRomantic,Instagram,Italy
479,MachuPicchuAdventurer,Facebook,Peru
480,TimesSquareExplorer,Instagram,USA
481,ColosseumAdventurer,Twitter,Italy
482,MaldivesSailor,Facebook,Maldives
483,AmazonExplorer,Instagram,Brazil
484,GreatWallWalker,Twitter,China
485,FujiSummitAchiever,Facebook,Japan
486,AngkorWatAdventurer,Instagram,Cambodia
487,AlpsSkiAdventurer,Twitter,Switzerland
488,KyotoBambooSeeker,Facebook,Japan
489,NorwayFjordExplorer,Instagram,Norway
490,AdeleConcertGoer,Instagram,USA
491,BeyonceDancer,Twitter,USA
492,SwiftieDreamer,Facebook,USA
493,QueenTributeFan,Instagram,UK
494,SheeranMelodyLover,Twitter,UK
495,MarsJoyExplorer,Facebook,USA
496,MJTributeDancer,Instagram,USA
497,SinatraCharmListener,Twitter,USA
498,MetallicaMoshWarrior,Facebook,USA
499,ColdplayHopeSeeker,Instagram,UK
500,BieberDanceEnthusiast,Instagram,Canada
501,GagaArtisticChameleon,Twitter,USA
502,AdeleMelodyTearjerker,Facebook,UK
503,KatyPerryColorExplosion,Instagram,USA
504,JayZEmpireListener,Twitter,USA
505,ShakiraHipsDancer,Facebook,Colombia
506,U2ConnectionSeeker,Instagram,Ireland
507,GunsNRosesRiffRockstar,Twitter,USA
508,ArianaEuphoriaChaser,Facebook,USA
509,MarleyReggaeTraveler,Instagram,Jamaica
510,MovieEnthusiastPremiereAttendee,Twitter,USA
511,FilmLoverNostalgiaSeeker,Instagram,UK
512,WebSeriesViewerCharacterConnection,Facebook,Canada
513,IndieFilmmakerFestivalSuccess,Twitter,Australia
514,DramaEnthusiastHeartwarmingMoments,Instagram,India
515,AwardWinningActorOscarsRecipient,Facebook,USA
516,DocumentaryEnthusiastHiddenGemFinder,Twitter,France
517,FilmBuffContemplativeViewer,Instagram,Germany
518,CrimeSeriesEnthusiastThrillSeeker,Facebook,Japan
519,FilmCriticSatisfactionSeeker,Twitter,Brazil
520,FootballFanWorldCupCelebration,Instagram,Brazil
521,OlympicsEnthusiastGoldMedalWinner,Twitter,USA
522,CricketFanChampionshipThrills,Facebook,India
523,MarathonSpectatorRecordBreaking,Instagram,Kenya
524,TennisEnthusiastGrandSlamDrama,Twitter,UK
525,BasketballFanUnderdogTriumph,Facebook,USA
526,GolfEnthusiastPrecisionVictory,Instagram,Scotland
527,F1FanHighSpeedRaceExcitement,Twitter,Germany
528,CyclingEnthusiastWorldChampion,Facebook,Italy
529,HockeyFanComebackVictory,Instagram,Canada
530,SoccerFanTeamDefeats,Twitter,Brazil
531,TennisEnthusiastUnexpectedSetback,Instagram,USA
532,BoxingFanChampionshipDefeat,Facebook,UK
533,CyclingEnthusiastTireBlowout,Twitter,France
534,GymnasticsFanRoutineFall,Instagram,Japan
535,GolfEnthusiastMissedPutt,Facebook,USA
536,BasketballFanTeamLosses,Twitter,Canada
537,SwimmingEnthusiastRaceSetback,Instagram,Australia
538,WeightliftingFanFailedRecord,Facebook,Germany
539,SoccerPlayerOwnGoalMoment,Twitter,Spain
540,NatureEnthusiastSunsetWonder,Instagram,Canada
541,TravelEnthusiastRoadTripDiscovery,Twitter,USA
542,UrbanExplorerCafeSolitude,Facebook,France
543,ArtEnthusiastStreetArtExploration,Instagram,Brazil
544,ScienceEnthusiastDiscoveryMoment,Twitter,Germany
545,MusicLoverLiveOrchestraExperience,Facebook,UK
546,HomeBakerDeliciousMemories,Instagram,India
547,HistoryBuffMuseumExploration,Twitter,Italy
548,BookwormCaptivatingNovelEscape,Facebook,Japan
549,PhotographyEnthusiastMarketMoments,Instagram,Australia
550,DanceEnthusiastCityNightPerformance,Twitter,USA
551,FoodieMarketStreetFoodExploration,Instagram,Thailand
552,SnowLoverWinterEnthusiast,Facebook,Canada
553,MysteryBookwormSuspensefulRead,Twitter,UK
554,GardeningEnthusiastFlowerGarden,Instagram,Australia
555,AstronomyEnthusiastStargazing,Facebook,USA
556,CoffeeLoverWritersRetreat,Twitter,France
557,FashionEnthusiastDesignerShowcase,Instagram,Italy
558,SurfingEnthusiastWaveRider,Facebook,Brazil
559,HistoryExplorerAncientCityTour,Twitter,Greece
560,CrushAvoider,Twitter,USA
561,MovieBuff,Instagram,Canada
562,SelfieAddict,Facebook,UK
563,AudioExplorer,Twitter,USA
564,MemeCreator,Instagram,Canada
565,FashionBlunder,Facebook,USA
566,GroupGenius,Twitter,UK
567,ChipExplorer,Instagram,Canada
568,ExcitementSeeker,Facebook,USA
569,NightReader,Twitter,UK
570,GamingEnthusiast,Instagram,USA
571,LazyWatcher,Facebook,Canada
572,TrendExplorer,Twitter,USA
573,MusicalExplorer,Instagram,UK
574,MusicAficionado,Facebook,Canada
575,HomeChef,Twitter,USA
576,AdventureSeeker,Instagram,UK
358,DanceEnthusiast,Facebook,Canada
578,NostalgiaExplorer,Twitter,USA
579,HomeDecorator,Instagram,UK
580,ArtExplorer,Facebook,USA
581,ThoughtfulBlogger,Twitter,Canada
582,NovelEnthusiast,Instagram,USA
583,WiseSoul,Twitter,UK
584,ArtAdventurer,Facebook,Canada
585,HomeChefSenior,Instagram,USA
586,LinguisticExplorer,Twitter,UK
587,MusicConnoisseur,Facebook,Canada
588,PhotographySenior,Instagram,USA
589,TeaTimeSenior,Twitter,UK
590,RoadTripSenior,Facebook,Canada
591,ChoirEnthusiast,Instagram,USA
592,MeditationSenior,Twitter,UK
337,GardenEnthusiast,Facebook,USA
594,WineConnoisseur,Instagram,UK
595,ArtisticSenior,Twitter,Canada
596,MemoiristSenior,Facebook,USA
597,HistoryEnthusiast,Instagram,UK
598,FamilyChefSenior,Twitter,USA
599,NaturePhotographySenior,Facebook,UK
600,JazzMusicLover,Instagram,USA
601,SeniorWordsmith,Twitter,UK
602,SoloAdventurer,Instagram,USA
603,CarEnthusiastSenior,Facebook,UK
604,GreenThumbSenior,Twitter,Canada
605,FamilyHostSenior,Instagram,USA
606,DanceEnthusiastSenior,Twitter,UK
607,ArtGalleryVisitor,Facebook,USA
608,SeniorBookClub,Instagram,UK
609,SeniorPicnicHost,Twitter,Canada
610,SeniorActor,Facebook,USA
611,SeniorHikerExplorer,Instagram,UK
612,SeniorPhotographerExhibitor,Twitter,Canada
613,SeniorCyclingEnthusiast,Facebook,USA
614,SeniorWineConnoisseur,Instagram,UK
615,SeniorBallroomDancer,Twitter,USA
616,SeniorPaintingOrganizer,Facebook,Canada
617,SeniorMemoriesHost,Instagram,USA
618,SeniorStargazer,Twitter,UK
619,SeniorJazzFestivalGoer,Facebook,USA
620,WisdomBloggerSenior,Instagram,UK
621,SeniorCharityRunner,Twitter,Canada
622,PhysicsWhizHighSchool,Instagram,USA
623,CodeExplorerHighSchool,Twitter,UK
624,DebateWarriorHighSchool,Facebook,Canada
625,PhotoClubHighSchool,Instagram,USA
626,PromDreamerHighSchool,Twitter,Canada
627,OutdoorClassHighSchool,Facebook,USA
628,PaintSpillHighSchool,Instagram,UK
629,SkateProHighSchool,Twitter,Canada
630,KpopFangirlHighSchool,Facebook,USA
631,ChemistryWizardHighSchool,Instagram,UK
632,BirthdayPartyPlannerHighSchool,Twitter,Canada
633,DramaClubStarHighSchool,Facebook,USA
634,FantasyBookNerdHighSchool,Instagram,UK
635,DoodleMasterHighSchool,Twitter,USA
636,HandstandChallengeHighSchool,Facebook,Canada
637,SnackSmugglerHighSchool,Instagram,USA
638,SleepoverHostHighSchool,Twitter,UK
639,TikTokFailHighSchool,Facebook,USA
640,SocialMediaBlunderHighSchool,Instagram,UK
641,CrushFailHighSchool,Twitter,Canada
642,PaperPlaneExpertHighSchool,Instagram,USA
643,JugglingProHighSchool,Facebook,Canada
644,SnackNinjaHighSchool,Twitter,USA
645,ScavengerHuntMasterHighSchool,Instagram,UK
646,RainDanceCelebrationHighSchool,Facebook,Canada
647,GroupChatBlunderHighSchool,Twitter,USA
648,MagicFailHighSchool,Instagram,UK
649,OrigamiProHighSchool,Twitter,USA
650,HackySackChampionHighSchool,Instagram,Canada
651,SecretHandshakeHighSchool,Facebook,USA
652,BurgerQuestHighSchool,Twitter,UK
653,ComedyGeniusHighSchool,Instagram,Canada
654,LoveLetterBlunderHighSchool,Facebook,USA
655,ScienceExperimentProHighSchool,Twitter,UK
656,BraceletCraftsmanHighSchool,Instagram,USA
657,CartwheelMasterHighSchool,Twitter,Canada
658,MovieMarathonHostHighSchool,Facebook,UK
659,HairColorExperimentHighSchool,Instagram,USA
660,TimeCapsuleCreatorHighSchool,Facebook,Canada
661,ClassroomBlunderHighSchool,Twitter,USA
662,SmoothieConnoisseurHighSchool,Instagram,UK
663,OverwhelmedHighSchoolStudent,Twitter,USA
664,DealingWithHateHighSchool,Instagram,Canada
665,ToughDayHighSchool,Facebook,UK
666,SportsTeamRejectionHighSchool,Twitter,USA
667,CafeteriaConflictHighSchool,Instagram,Canada
668,ProjectGradeDisappointmentHighSchool,Facebook,UK
669,PersonalSetbackHighSchool,Twitter,USA
670,LonelySaturdayHighSchool,Instagram,Canada
671,CyberbullyingVictimHighSchool,Facebook,UK
672,RainyDayBluesHighSchool,Twitter,USA
673,MissedOpportunityHighSchool,Instagram,Canada
674,RumorVictimHighSchool,Facebook,UK
675,FlatTireWoesHighSchool,Twitter,USA
676,FriendMovingAwayHighSchool,Instagram,Canada
677,CollegeRejectionHighSchool,Facebook,UK
678,GamingToxicityHighSchool,Twitter,USA
679,BadHairDayBluesHighSchool,Instagram,Canada
680,ProjectFailureDespairHighSchool,Facebook,UK
681,OpinionsHateHighSchool,Twitter,USA
682,TechMalfunctionWoesHighSchool,Instagram,Canada
683,MissedEventBluesHighSchool,Facebook,UK
684,StudyTechniqueExperimentHighSchool,Instagram,USA
685,CommunityCleanupHighSchool,Twitter,Canada
686,BookRecommendationsHighSchool,Facebook,UK
687,BakeSaleRecipeExperimentHighSchool,Instagram,USA
688,SchoolProjectCollaborationHighSchool,Twitter,Canada
689,ExtracurricularExplorationHighSchool,Instagram,UK
690,PartTimeJobExplorationHighSchool,Facebook,USA
691,SchoolAssemblyParticipationHighSchool,Twitter,Canada
692,PhotographyHobbyHighSchool,Instagram,UK
693,ScienceFairParticipationHighSchool,Facebook,USA
694,TimeManagementWorkshopHighSchool,Twitter,Canada
695,CharityEventVolunteerHighSchool,Instagram,UK
696,GroupProjectCollaborationHighSchool,Facebook,USA
697,DebateClubParticipationHighSchool,Twitter,Canada
698,BirthdaySurpriseHighSchool,Instagram,UK
699,CodingSuccessHighSchool,Twitter,USA
700,TalentShowSupportHighSchool,Facebook,Canada
701,WeekendHikeHighSchool,Instagram,UK
702,SportsVictoryHighSchool,Twitter,USA
703,PenPalConnectionHighSchool,Facebook,Canada
704,MuralCreationHighSchool,Instagram,UK
705,ArtExhibitionJoyHighSchool,Instagram,USA
706,TrackFieldSuccessHighSchool,Twitter,Canada
707,ScienceProjectSuccessHighSchool,Facebook,UK
708,BirthdayPartyJoyHighSchool,Instagram,USA
709,CharityFundraisingTriumphHighSchool,Twitter,Canada
710,MulticulturalFestivalJoyHighSchool,Facebook,UK
711,VirtualTalentShowSuccessHighSchool,Instagram,USA
